Accuracy,Precise,Recall ,F1
0.952380952,1,0.923076923,0.96
