Accuracy,Precise,Recall ,F1
0.761904762,0.705882353,1,0.827586207
