Accuracy,Precise,Recall ,F1
0.904761905,0.866666667,1,0.928571429
