Accuracy,Precise,Recall ,F1
0.761904762,0.722222222,1,0.838709677
