Accuracy,Precise,Recall ,F1
0.952380952,0.95,1,0.974358974
