Accuracy,Precise,Recall ,F1
0.952380952,1,0.928571429,0.962962963
