,name,filename,RMSE
0,融合模型,train,2.1839374752709307e-06
1,融合模型,test,9.30460462514641
2,融合模型,val,2.3498505436013497
