Accuracy,Precise,Recall ,F1
0.857142857,0.8,1,0.888888889
