Accuracy,Precise,Recall ,F1
0.928571429,0.928571429,1,0.962962963
