Accuracy,Precise,Recall ,F1
0.928571429,1,0.875,0.933333333
