Accuracy,Precise,Recall ,F1
0.785714286,1,0.666666667,0.8
