Accuracy,Precise,Recall ,F1
0.904761905,0.9,1,0.947368421
