Accuracy,Precise,Recall ,F1
0.857142857,0.857142857,1,0.923076923
