Accuracy,Precise,Recall ,F1
0.904761905,0.857142857,1,0.923076923
