Accuracy,Precise,Recall ,F1
0.714285714,1,0.692307692,0.818181818
