Accuracy,Precise,Recall ,F1
0.904761905,0.904761905,1,0.95
